INSERT INTO GRUPO (ID, TITULO, DESCRICAO) VALUES(1, 'A', 'GRANDES MOVIMENTACOES');

INSERT INTO GRUPO (ID, TITULO, DESCRICAO) VALUES(2, 'B', 'MOVIMENTACOES MODERADAS');

INSERT INTO GRUPO (ID, TITULO, DESCRICAO) VALUES(3, 'C', 'BAIXA MOVIMENTACAO');

INSERT INTO CONTATO (ID, NOME, CPF, ENDERECO, IDADE) VALUES (1, 'Allison', '10.101.678.333-44', 'RUA DOM PEDRO II', 41);

INSERT INTO CONTATO (ID, NOME, CPF, ENDERECO, IDADE) VALUES (2, 'Aaron', '22.117.123.333-00', 'RUA DOS ESCOTEIROS', 33);

INSERT INTO CONTATO (ID, NOME, CPF, ENDERECO, IDADE) VALUES (3, 'Noel', '76.212.292.331-10', 'RUA DOS IPÊS, 11', 38);

INSERT INTO CONTATO (ID, NOME, CPF, ENDERECO, IDADE) VALUES (4, 'Alceu', '67.19.234.30-26', 'RUA JOAQUIM BORBA FILHO', 26);

INSERT INTO CONTATO (ID, NOME, CPF, ENDERECO, IDADE) VALUES (5, 'Jenny', '084.18.2.292-91', 'RUA PEDRO ALVES ANDRADE', 29);

INSERT INTO CONTATO (ID, NOME, CPF, ENDERECO, IDADE) VALUES (6, 'Melvin', '086.17.564.333-84', 'RUA JOAQUIM PEREIRA DA SILVA', 28);

INSERT INTO CONTATO (ID, NOME, CPF, ENDERECO, IDADE) VALUES (7, 'Oswald', '10.11.282.676-54', 'RUA REJANE FREIRE CORREIA', 47);

INSERT INTO CONTATO (ID, NOME, CPF, ENDERECO, IDADE) VALUES (8, 'Percival', '313.11.202.000-18', 'AVENIDA JOAO CIRILO DA SILVA', 35);

INSERT INTO CONTATO (ID, NOME, CPF, ENDERECO, IDADE) VALUES (9, 'Salvador', '801.121.272.333-44', 'RUA OLIVIA DE FARIAS GABINO', 76);

INSERT INTO CONTATO (ID, NOME, CPF, ENDERECO, IDADE) VALUES (10, 'Tiago', '33.141.22.338-44', 'R. JOAO BATISTA ALMEIDA', 56);

INSERT INTO GRUPOS (ID , ID_GRUPO, ID_CONTATO) VALUES (1, 1, 1);

INSERT INTO GRUPOS (ID , ID_GRUPO, ID_CONTATO) VALUES (2, 1, 2);

INSERT INTO GRUPOS (ID , ID_GRUPO, ID_CONTATO) VALUES (3, 1, 3);

INSERT INTO GRUPOS (ID , ID_GRUPO, ID_CONTATO) VALUES (4, 2, 4);

INSERT INTO GRUPOS (ID , ID_GRUPO, ID_CONTATO) VALUES (5, 2, 5);

INSERT INTO GRUPOS (ID , ID_GRUPO, ID_CONTATO) VALUES (6, 2, 6);

INSERT INTO GRUPOS (ID , ID_GRUPO, ID_CONTATO) VALUES (7, 3, 7);

INSERT INTO GRUPOS (ID , ID_GRUPO, ID_CONTATO) VALUES (8, 3, 8);

INSERT INTO GRUPOS (ID , ID_GRUPO, ID_CONTATO) VALUES (9, 3, 9);

INSERT INTO GRUPOS (ID , ID_GRUPO, ID_CONTATO) VALUES (10, 3, 10);

INSERT INTO TELEFONE (ID, ID_CONTATO, NUMERO) VALUES (1, 1, '21234567');

INSERT INTO TELEFONE (ID, ID_CONTATO, NUMERO) VALUES (2, 1, '32441234');

INSERT INTO TELEFONE (ID, ID_CONTATO, NUMERO) VALUES (3, 2, '83996445846');

INSERT INTO TELEFONE (ID, ID_CONTATO, NUMERO) VALUES (4, 3, '212217887');

INSERT INTO TELEFONE (ID, ID_CONTATO, NUMERO) VALUES (5, 4, '991190900');

INSERT INTO TELEFONE (ID, ID_CONTATO, NUMERO) VALUES (6, 5, '87988127888');

INSERT INTO TELEFONE (ID, ID_CONTATO, NUMERO) VALUES (7, 6, '1123314711');

INSERT INTO TELEFONE (ID, ID_CONTATO, NUMERO) VALUES (8, 7, '83999132445');

INSERT INTO TELEFONE (ID, ID_CONTATO, NUMERO) VALUES (9, 8, '83996701278');

INSERT INTO TELEFONE (ID, ID_CONTATO, NUMERO) VALUES (10, 9, '8332211407');

INSERT INTO TELEFONE (ID, ID_CONTATO, NUMERO) VALUES (11, 10, '33421331');

INSERT INTO CAIXA (ID, ID_CONTATO, VALOR, DATA, TITULO, DESCRICAO) VALUES (1, 1, -19023.50, NULL, 'COMPUTADOR', 'COMPRA DE NOVO COMPUTADOR');

INSERT INTO CAIXA (ID, ID_CONTATO, VALOR, DATA, TITULO, DESCRICAO) VALUES (2, 2, -5449.50, NULL, 'CARRO', 'COMPRA DE PNEUS NOVOS');

INSERT INTO CAIXA (ID, ID_CONTATO, VALOR, DATA, TITULO, DESCRICAO) VALUES (3, 3, 16879.50, NULL, 'FAZENDA', 'VENDA DE GADO');

INSERT INTO CAIXA (ID, ID_CONTATO, VALOR, DATA, TITULO, DESCRICAO) VALUES (4, 1, 8769.50, NULL, 'LIVROS', 'VENDA DE LIVROS');

INSERT INTO CAIXA (ID, ID_CONTATO, VALOR, DATA, TITULO, DESCRICAO) VALUES (5, 4, 8756.50, NULL, 'SALA COMERCIAL', 'ALUGUEL DE SALA');

INSERT INTO CAIXA (ID, ID_CONTATO, VALOR, DATA, TITULO, DESCRICAO) VALUES (6, 4, 10449.50, NULL, 'TELEVISAO', 'VENDA DE TV');

INSERT INTO CAIXA (ID, ID_CONTATO, VALOR, DATA, TITULO, DESCRICAO) VALUES (7, 5, -9765.50, NULL, 'CARRO', 'MANUTENÇAO');

INSERT INTO CAIXA (ID, ID_CONTATO, VALOR, DATA, TITULO, DESCRICAO) VALUES (8, 6, 789.50, NULL, 'COMPUTADOR', 'COMPRA DE NOVO COMPUTADOR');

INSERT INTO CAIXA (ID, ID_CONTATO, VALOR, DATA, TITULO, DESCRICAO) VALUES (9, 1, 456.50, NULL, 'CARRO', 'VENDA DE APARELHO DE SOM');

INSERT INTO CAIXA (ID, ID_CONTATO, VALOR, DATA, TITULO, DESCRICAO) VALUES (10, 7, 76.50, NULL, 'COMPUTADOR', 'COMPRA DE NOVO COMPUTADOR');

INSERT INTO CAIXA (ID, ID_CONTATO, VALOR, DATA, TITULO, DESCRICAO) VALUES (11, 8, -100, NULL, 'CARRO', 'COMPRA DE NOVA CAMERA DE RÉ');

INSERT INTO CAIXA (ID, ID_CONTATO, VALOR, DATA, TITULO, DESCRICAO) VALUES (12, 9, 1049.10, NULL, 'SOM', 'COMPRA DE NOVO APARELHO DE SOM');

INSERT INTO CAIXA (ID, ID_CONTATO, VALOR, DATA, TITULO, DESCRICAO) VALUES (13, 10, -10449.50, NULL, 'ESCOLA', 'PAGAMENTO ANUAL');

INSERT INTO CAIXA (ID, ID_CONTATO, VALOR, DATA, TITULO, DESCRICAO) VALUES (14, 1, 56449.50, NULL, 'CARRO', 'VENDA DE CARRO');

INSERT INTO CAIXA (ID, ID_CONTATO, VALOR, DATA, TITULO, DESCRICAO) VALUES (15, 1, 110449.50, NULL, 'FAZENDA', 'VENDA DE SITIO');

INSERT INTO CAIXA (ID, ID_CONTATO, VALOR, DATA, TITULO, DESCRICAO) VALUES (16, 2, 10449.50, NULL, 'SOFÁ', 'VENDA DE CONJUNTO DE SOFÁ');

INSERT INTO CAIXA (ID, ID_CONTATO, VALOR, DATA, TITULO, DESCRICAO) VALUES (17, 3, 23449.50, NULL, 'MOTOCICLETA', 'VENDA DE MOTOCICLETA');

INSERT INTO CAIXA (ID, ID_CONTATO, VALOR, DATA, TITULO, DESCRICAO) VALUES (18, 4, 10449.50, NULL, 'MOTOCICLETA', 'VENDA DE MOTOCICLETA');

INSERT INTO CAIXA (ID, ID_CONTATO, VALOR, DATA, TITULO, DESCRICAO) VALUES (19, 5, -90449.50, NULL, 'KINDER', 'COMPRA DE NOVO KINDER OVO');

INSERT INTO CAIXA (ID, ID_CONTATO, VALOR, DATA, TITULO, DESCRICAO) VALUES (20, 6, 1449.50, NULL, 'PAR DE ÓCULOS', 'COMPRA DE NOVO PAR DE ÓCULOS');

INSERT INTO CAIXA (ID, ID_CONTATO, VALOR, DATA, TITULO, DESCRICAO) VALUES (21, 7, 7449.50, NULL, 'COMPUTADOR', 'VENDA DE COMPUTADOR');

INSERT INTO CAIXA (ID, ID_CONTATO, VALOR, DATA, TITULO, DESCRICAO) VALUES (22, 8, 33449.50, NULL, 'MAQUINA', 'VENDA DE TRATOR');

INSERT INTO CAIXA (ID, ID_CONTATO, VALOR, DATA, TITULO, DESCRICAO) VALUES (23, 9, 10449.50, NULL, 'ALUGUEL', 'RECEBIMENTO DE ALUGUEL DE COBERTURA');

INSERT INTO CAIXA (ID, ID_CONTATO, VALOR, DATA, TITULO, DESCRICAO) VALUES (24, 10, -7449.50, NULL, 'VIAGEM', 'PASSAGENS');

INSERT INTO CAIXA (ID, ID_CONTATO, VALOR, DATA, TITULO, DESCRICAO) VALUES (25, 3, -4449.50, NULL, 'VIAGEM', 'PASSAGENS CHILE');

INSERT INTO CAIXA (ID, ID_CONTATO, VALOR, DATA, TITULO, DESCRICAO) VALUES (26, 4, -450.50, NULL, 'PRESENTE', 'PRESENTE DE NATAL');

INSERT INTO CAIXA (ID, ID_CONTATO, VALOR, DATA, TITULO, DESCRICAO) VALUES (27, 5, -949.50, NULL, 'DOACAO', 'HOSPITAL');
